호선,외부코드,전철역코드,전철역명,출구번호,역세권명
1,158,1810,제물포,1,제물포시장
1,152,1806,부평,1,인천성모병원
1,152,1806,부평,1,"경찰종합학교, 예림학교"
1,152,1806,부평,1,"동수사거리, 부평6동"
1,152,1806,부평,2,"부평남초등학교, 부일여중"
1,152,1806,부평,2,부평2동
1,152,1806,부평,3,역전지구대
1,152,1806,부평,3,골프연습장
1,152,1806,부평,4,"북부역광장, 롯데마트"
1,152,1806,부평,5,역전지구대
1,152,1806,부평,5,코아빌딩
1,152,1806,부평,6,북인천우체국
1,152,1806,부평,6,부평119안전센터
1,152,1806,부평,6,국민은행
1,152,1806,부평,6,우리은행
1,152,1806,부평,6,농협
1,152,1806,부평,6,한국씨티은행
1,152,1806,부평,6,북부역광장
1,152,1806,부평,6,"코아빌딩, 대한극장"
1,152,1806,부평,7,마사회
1,152,1806,부평,7,채원뷔페
1,152,1806,부평,7,삼화고속
1,153,1807,백운,1,부평3동사무소
1,153,1807,백운,1,십정2동사무소
1,153,1807,백운,2,백운파출소
1,153,1807,백운,2,부광고등학교
1,153,1807,백운,2,부평서여중학교
1,153,1807,백운,2,신촌초등학교
1,153,1807,백운,3,백운파출소
1,153,1807,백운,3,부광고등학교
1,153,1807,백운,3,부평서여중학교
1,153,1807,백운,3,신촌초등학교
1,154,1808,동암,1,가천의대길병원
1,154,1808,동암,1,남동경찰서
1,154,1808,동암,1,동암파출소
1,154,1808,동암,1,십정2동사무소
1,154,1808,동암,2,동암우체국
1,156,1809,주안,1,석암초등학교
1,156,1809,주안,1,인하공업전문대학
1,156,1809,주안,1,인하대학교
1,156,1809,주안,2,병무청(신체검사장)
1,156,1809,주안,2,인천지방법원
1,156,1809,주안,2,주안1파출소
1,156,1809,주안,3,주안북초등학교
1,156,1809,주안,4,주안5동사무소
1,158,1810,제물포,1,제물포파출소
1,158,1810,제물포,1,제물포우체국
1,158,1810,제물포,1,수봉공원
1,158,1810,제물포,1,인천남중학교
1,158,1810,제물포,1,숭의초등학교
1,158,1810,제물포,1,숭의4동사무소
1,158,1810,제물포,1,남구청
1,158,1810,제물포,1,남구청의회
1,158,1810,제물포,2,인천의료원
1,158,1810,제물포,2,도화2동사무소
1,158,1810,제물포,2,인천대학교
1,158,1810,제물포,2,인천전문대학
1,158,1810,제물포,2,박문여자고등학교
1,158,1810,제물포,2,재능대학
1,158,1810,제물포,2,인화여자중학교
1,158,1810,제물포,2,선화여자상업고등학교
1,158,1810,제물포,2,서화초등학교
1,158,1810,제물포,2,"송림3,5동사무소"
1,160,1811,동인천,1,인천백화점
1,160,1811,동인천,1,미림극장
1,160,1811,동인천,2,대한서림
1,160,1811,동인천,2,우리은행
1,160,1811,동인천,3,축현파출소
1,160,1811,동인천,4,화수동
1,160,1811,동인천,4,송현동
1,161,1812,인천,1,자유공원
1,161,1812,인천,1,중구청
1,161,1812,인천,1,연안부두
1,161,1812,인천,1,월미도
1,161,1812,인천,1,인천광역시종합관광안내소
1,161,1812,인천,1,화교거리
1,151,1815,부개,1,부개1동사무소
1,151,1815,부개,1,부개파출소
1,151,1815,부개,1,한국전력
1,151,1815,부개,2,부개2동사무소
1,151,1815,부개,2,부개여고
1,151,1815,부개,2,부평여중학교
1,151,1815,부개,2,부평중학교
1,151,1815,부개,2,부흥파출소
1,155,1816,간석,1,남인천우체국
1,155,1816,간석,1,간석4동사무소
1,155,1816,간석,1,지방공사인천의료원
1,159,1817,도원,1,종합경기장
1,159,1817,도원,1,도원치안센터
1,159,1817,도원,1,도원동사무소
1,159,1817,도원,2,배다리
1,159,1817,도원,2,인천정보산업고
1,159,1817,도원,3,인천세무서
1,159,1817,도원,3,동구청
1,159,1817,도원,3,송림사거리
1,157,1823,도화,1,동원아파트
1,157,1823,도화,2,도화초등학교
1,157,1823,도화,2,동아아파트
1,157,1823,도화,2,수봉공원
1,157,1823,도화,3,도화2동사무소
1,157,1823,도화,4,대화초등학교
SU,K251,1878,달월,1,버스정류장
SU,K251,1878,달월,2,주차장
SU,K252,1879,월곶,1,월곶중앙로
SU,K252,1879,월곶,1,월곶중학교
SU,K252,1879,월곶,1,월곶초등학교
SU,K252,1879,월곶,1,월곶출장소
SU,K252,1879,월곶,1,월곶문화센터
SU,K252,1879,월곶,1,풍림아이원1~4차아파트
SU,K253,1880,소래포구,1,논현고잔동주민센터
SU,K253,1880,소래포구,1,원동초등학교
SU,K253,1880,소래포구,1,고잔중학교
SU,K253,1880,소래포구,1,힐스테이트아파트
SU,K253,1880,소래포구,1,에코메트로 5단지아파트
SU,K253,1880,소래포구,1,에코메트로 12단지아파트
SU,K253,1880,소래포구,2,논현고등학교
SU,K253,1880,소래포구,2,논현초등학교
SU,K253,1880,소래포구,2,소래초등학교
SU,K253,1880,소래포구,2,장도초등학교
SU,K253,1880,소래포구,2,논현중학교
SU,K253,1880,소래포구,2,냇마을신영지웰아파트
SU,K253,1880,소래포구,2,뜨란채8단지
SU,K253,1880,소래포구,2,논현웰카운티
SU,K253,1880,소래포구,2,논현주공뜨란채11단지
SU,K254,1881,인천논현,1,원동초등학교
SU,K254,1881,인천논현,1,고잔중학교
SU,K254,1881,인천논현,1,인천소래휴먼시아3단지
SU,K254,1881,인천논현,1,힐스테이트아파트
SU,K254,1881,인천논현,1,논현고잔동주민센터
SU,K254,1881,인천논현,2,송천초등학교
SU,K254,1881,인천논현,2,송천고등학교
SU,K254,1881,인천논현,2,소래휴먼시아1단지아파트
SU,K254,1881,인천논현,2,소래도서관
SU,K254,1881,인천논현,2,남동문화예술회관
SU,K254,1881,인천논현,3,동방초등학교
SU,K254,1881,인천논현,3,동방중학교
SU,K254,1881,인천논현,3,논현2동주민센터
SU,K254,1881,인천논현,3,호구포근린공원
SU,K254,1881,인천논현,3,휴먼시아5단지아파트
SU,K254,1881,인천논현,3,꿈에그린6단지아파트
SU,K254,1881,인천논현,4,은봉초등학교
SU,K254,1881,인천논현,4,논현고등학교
SU,K254,1881,인천논현,4,남동고등학교
SU,K254,1881,인천논현,4,신일해피트리7단지아파트
SU,K254,1881,인천논현,4,냇마을신영지웰아파트
SU,K254,1881,인천논현,4,뜨란채8단지
SU,K254,1881,인천논현,4,온현1동주민센터
SU,K255,1882,호구포,1,호구포길사거리
SU,K255,1882,호구포,1,청능대로
SU,K255,1882,호구포,2,논현포대근린공원
SU,K255,1882,호구포,2,논현2동주민센터
SU,K255,1882,호구포,2,논현포대
SU,K255,1882,호구포,2,인천동방초등학교
SU,K255,1882,호구포,2,인천동방중학교
SU,K256,1883,남동인더스파크,1,인천공단소방서
SU,K256,1883,남동인더스파크,1,한국산업단지공단인천지역본부
SU,K256,1883,남동인더스파크,1,남동구출장소
SU,K256,1883,남동인더스파크,1,인천종합비즈니스센터
SU,K256,1883,남동인더스파크,1,대한상공회의소인천인력개발원
SU,K256,1883,남동인더스파크,1,월례공원
SU,K256,1883,남동인더스파크,2,남동공단우체국
SU,K256,1883,남동인더스파크,2,인천상공회의소
SU,K256,1883,남동인더스파크,2,남동공단지구대
SU,K256,1883,남동인더스파크,2,남동공단근린공원
SU,K256,1883,남동인더스파크,2,인천지방중소기업청
SU,K258,1885,연수,1,한국마사회연수지점
SU,K258,1885,연수,1,남구·연수구선거관리위원회
SU,K258,1885,연수,1,용담근린공원
SU,K258,1885,연수,1,연수구보건소
SU,K258,1885,연수,1,연수지구대
SU,K258,1885,연수,1,연수구보훈회관
SU,K258,1885,연수,1,청학중학교
SU,K258,1885,연수,1,늘푸른어린이도서관
SU,K258,1885,연수,1,연화중학교
SU,K258,1885,연수,1,연수고등학교
SU,K258,1885,연수,1,연수2동우편취급국
SU,K258,1885,연수,1,국민건강보험공단인천남부지사연수출장소
SU,K258,1885,연수,1,연수2동주민센터
SU,K258,1885,연수,1,연화초등학교
SU,K258,1885,연수,1,연화중학교
SU,K258,1885,연수,1,연수경찰서
SU,K258,1885,연수,1,연수구청방면
SU,K258,1885,연수,2,문화공원
SU,K258,1885,연수,2,문남초등학교
SU,K258,1885,연수,2,연수1동주민센터
SU,K258,1885,연수,2,연수1치안센터
SU,K258,1885,연수,2,인천연수도서관
SU,K258,1885,연수,2,연수중학교
SU,K258,1885,연수,2,인천중앙초등학교
SU,K258,1885,연수,2,인천생활과학고등학교
SU,K258,1885,연수,2,인천함박초등학교
SU,K258,1885,연수,2,인천사할린동포복지회관
SU,K258,1885,연수,2,대학공원
SU,K258,1885,연수,2,경인의료재활센터병원
SU,K259,1886,송도,1,옥련치안센터
SU,K259,1886,송도,1,송도초등학교
SU,K259,1886,송도,1,옥련1동주민센터
SU,K259,1886,송도,1,옥련중학교
SU,K259,1886,송도,1,능허대중학교
SU,K259,1886,송도,1,옥련여자고등학교
7,757,2759,삼산체육관,1,웅진플레이도시
7,757,2759,삼산체육관,3,부평구 청소년 수련관
7,757,2759,삼산체육관,3,삼산월드체육관
7,757,2759,삼산체육관,5,아이스월드
7,757,2759,삼산체육관,5,한국만화 박물관
7,758,2760,굴포천,1,부개3동주민센터
7,758,2760,굴포천,1,부광여자고등학교
7,758,2760,굴포천,1,부광중학교
7,758,2760,굴포천,1,부흥중학교
7,758,2760,굴포천,2,인천나누리병원
7,758,2760,굴포천,3,부평고등학교
7,758,2760,굴포천,3,부평구 어울림센터
7,758,2760,굴포천,3,부평중학교
7,758,2760,굴포천,3,부흥오거리
7,758,2760,굴포천,4,개흥초등학교
7,758,2760,굴포천,4,신트리공원
7,758,2760,굴포천,5,갈산중학교
7,758,2760,굴포천,5,부평농협
7,758,2760,굴포천,6,갈산초등학교
7,758,2760,굴포천,6,굴포누리기후변화체험관
7,758,2760,굴포천,6,굴포먹거리타운
7,758,2760,굴포천,6,부평공고
7,758,2760,굴포천,7,굴포초등학교
7,758,2760,굴포천,7,롯데마트삼산점
7,758,2760,굴포천,7,부평구 노인복지회관
7,758,2760,굴포천,7,부평구 민방위 교육장
7,758,2760,굴포천,7,삼산2동 주민센터
7,758,2760,굴포천,7,삼산경찰서
7,758,2760,굴포천,7,삼산제일교회
7,758,2760,굴포천,8,글로리병원
7,758,2760,굴포천,8,부평오펠리스웨딩홀
7,758,2760,굴포천,8,인천삼산월드체육관
I,I110,3110,계양,1,계양1동 주민센터
I,I110,3110,계양,1,장기치안센터
I,I110,3110,계양,1,계양1동 우체국
I,I110,3110,계양,1,계양초등학교
I,I110,3110,계양,1,계양중학교
I,I110,3110,계양,1,계양1동 보건소
I,I110,3110,계양,1,장기119안전센터
I,I111,3111,귤현,1,계양중학교
I,I111,3111,귤현,1,계양중학교
I,I111,3111,귤현,1,군부대
I,I111,3111,귤현,1,귤현차량기지
I,I112,3112,박촌,1,박촌동
I,I112,3112,박촌,1,동양동
I,I112,3112,박촌,1,제일맨션
I,I112,3112,박촌,1,한화아파트
I,I112,3112,박촌,1,풍림아파트
I,I112,3112,박촌,1,동양주공아파트
I,I112,3112,박촌,2,계양농협(박촌지소)
I,I112,3112,박촌,2,예일고등학교
I,I112,3112,박촌,2,방축중학교
I,I112,3112,박촌,2,양촌초/중/고
I,I112,3112,박촌,3,소양초등학교
I,I112,3112,박촌,3,계양농협
I,I112,3112,박촌,4,소양초등학교
I,I112,3112,박촌,4,아주아파트
I,I113,3113,임학,1,임학중학교
I,I113,3113,임학,1,병방초등학교
I,I113,3113,임학,1,계양농협임학지소
I,I113,3113,임학,1,계양어린이집
I,I113,3113,임학,1,서해종합상가
I,I113,3113,임학,1,"영남,서원,한진,서해아파트"
I,I113,3113,임학,1,계양병원
I,I113,3113,임학,2,북부노동지방사무소
I,I113,3113,임학,2,계양고교
I,I113,3113,임학,2,길주초등학교
I,I113,3113,임학,2,그랜드마트
I,I113,3113,임학,2,계양경찰서
I,I113,3113,임학,2,계양등기소
I,I113,3113,임학,2,계산여고
I,I113,3113,임학,2,계양우체국
I,I113,3113,임학,2,작전초등학교
I,I113,3113,임학,2,용종마을
I,I113,3113,임학,2,"신대진,두산,쌍용,중앙아파트"
I,I113,3113,임학,2,계산제일교회
I,I113,3113,임학,3,국민은행
I,I113,3113,임학,3,임학지구대
I,I113,3113,임학,3,계양2동주민센터
I,I113,3113,임학,4,청소년수련회관
I,I113,3113,임학,4,새마을금고
I,I113,3113,임학,4,"용정,유호,한국아파트"
I,I113,3113,임학,4,"삼우,아주,인우아파트"
I,I113,3113,임학,4,"진달래,한일,중원아파트"
I,I114,3114,계산,1,계양구청
I,I114,3114,계산,1,안남중학교
I,I114,3114,계산,1,안남초등학교
I,I114,3114,계산,1,안남초등학교
I,I114,3114,계산,1,안남중학교
I,I114,3114,계산,1,계양구청
I,I114,3114,계산,1,계양경찰서
I,I114,3114,계산,1,기업은행
I,I114,3114,계산,1,"삼보,한국아파트"
I,I114,3114,계산,1,"하나,계산주공아파트"
I,I114,3114,계산,1,천년부페웨딩홀
I,I114,3114,계산,1,계산신협
I,I114,3114,계산,1,"한림병원, 최문기외과"
I,I114,3114,계산,1,"계양우체국, 계양웨딩홀"
I,I114,3114,계산,1,"고용안정센터, 국민은행"
I,I114,3114,계산,1,"그랜드마트, 대한지적공사"
I,I114,3114,계산,1,홈에버
I,I114,3114,계산,1,계산여중
I,I114,3114,계산,2,계산3동사무소
I,I114,3114,계산,2,삼성프라자
I,I114,3114,계산,2,대우자동차
I,I114,3114,계산,2,계양등기소
I,I114,3114,계산,2,계양소방서
I,I114,3114,계산,2,"계산여고, 계산공고"
I,I114,3114,계산,3,계산1동사무소
I,I114,3114,계산,3,한미은행
I,I114,3114,계산,3,계산1동주민센터
I,I114,3114,계산,3,씨티은행
I,I114,3114,계산,3,부평초교
I,I114,3114,계산,3,"기산,서해,삼천리아파트"
I,I114,3114,계산,3,대한화재
I,I114,3114,계산,3,중앙산부인과
I,I114,3114,계산,3,"계산삼거리, 계산시장"
I,I114,3114,계산,4,경인여대
I,I114,3114,계산,4,계산2동파출소
I,I114,3114,계산,4,계산우체국
I,I114,3114,계산,4,농협
I,I114,3114,계산,4,수협
I,I114,3114,계산,4,농협
I,I114,3114,계산,4,계산우체국
I,I114,3114,계산,4,경인여대
I,I114,3114,계산,4,서인천세무서
I,I114,3114,계산,4,삼환·극동아파트
I,I114,3114,계산,4,승민외국어학원
I,I114,3114,계산,4,"계산초등학교, 계양문화회관"
I,I114,3114,계산,4,노틀담복지관
I,I114,3114,계산,4,노틀담수녀원농원
I,I114,3114,계산,4,국립생활자원관
I,I114,3114,계산,5,계산2동사무소
I,I114,3114,계산,5,계산소방파출소
I,I114,3114,계산,5,계산2동주민센터
I,I114,3114,계산,5,계산2동지구대
I,I114,3114,계산,5,"세경아파트,재성아파트,계산아파트"
I,I114,3114,계산,5,계산천주교회
I,I114,3114,계산,5,원불교 부평교당
I,I114,3114,계산,5,계양산입산길
I,I114,3114,계산,5,계양노동복지관 교통연수원
I,I114,3114,계산,6,계산고
I,I114,3114,계산,6,계양청년회의소
I,I114,3114,계산,6,근린공원
I,I114,3114,계산,6,계산고교
I,I114,3114,계산,6,계양청년회의소
I,I114,3114,계산,6,계양국민체육센터
I,I114,3114,계산,6,안산초등학교
I,I114,3114,계산,6,"대우빌라,신흥아트빌라"
I,I114,3114,계산,6,"교보생명,새마을금고"
I,I114,3114,계산,6,신광성결교회
I,I114,3114,계산,6,계양도서관
I,I115,3115,경인교대입구,1,신한은행
I,I115,3115,경인교대입구,1,부평초등학교
I,I115,3115,경인교대입구,1,계산1동사무소
I,I115,3115,경인교대입구,1,국민은행
I,I115,3115,경인교대입구,1,계산우체국
I,I115,3115,경인교대입구,1,계산1동치안센터
I,I115,3115,경인교대입구,1,계산1동장로교회
I,I115,3115,경인교대입구,1,계산시장
I,I115,3115,경인교대입구,2,계양경찰서
I,I115,3115,경인교대입구,2,계양등기소
I,I115,3115,경인교대입구,2,"기산,서해,삼천리아파트"
I,I115,3115,경인교대입구,2,계양보건소
I,I115,3115,경인교대입구,3,계양구의회
I,I115,3115,경인교대입구,3,계산3동사무소
I,I115,3115,경인교대입구,3,한일·한양아파트
I,I115,3115,경인교대입구,4,부평농협계산지소
I,I115,3115,경인교대입구,4,경인교대
I,I115,3115,경인교대입구,5,경인교대
I,I115,3115,경인교대입구,5,해서초등학교
I,I115,3115,경인교대입구,5,팬더아파트·동남아파트
I,I115,3115,경인교대입구,5,부평향교
I,I115,3115,경인교대입구,6,부평향교
I,I115,3115,경인교대입구,6,북인천중학교
I,I115,3115,경인교대입구,6,계산새마을금고
I,I115,3115,경인교대입구,6,교통회관
I,I115,3115,경인교대입구,6,"신도브레뉴아파트(구홍진),동남아파트"
I,I115,3115,경인교대입구,6,담배인삼공사
I,I115,3115,경인교대입구,6,북인천중학교
I,I115,3115,경인교대입구,6,계산새마을금고
I,I116,3116,작전,1,"굿모닝신한증권,우리은행"
I,I116,3116,작전,1,계양구의회
I,I116,3116,작전,1,작전2동사무소
I,I116,3116,작전,1,하나정형외과
I,I116,3116,작전,1,청해부페
I,I116,3116,작전,2,중소기업은행
I,I116,3116,작전,2,작전1동사무소
I,I116,3116,작전,2,작전종합시장
I,I116,3116,작전,2,코오롱아파트
I,I116,3116,작전,2,신동양아파트
I,I116,3116,작전,2,계양CGV
I,I116,3116,작전,2,근로복지공단
I,I116,3116,작전,2,한림병원
I,I116,3116,작전,2,작전중학교
I,I116,3116,작전,2,작전고등학교
I,I116,3116,작전,2,작전여고
I,I116,3116,작전,3,국민건강보험공단
I,I116,3116,작전,3,미추홀웨딩부페
I,I116,3116,작전,3,YMCA북부지회
I,I116,3116,작전,3,E마트
I,I116,3116,작전,3,작전우체국
I,I116,3116,작전,4,하나은행
I,I116,3116,작전,4,북인천세무서
I,I116,3116,작전,4,제일은행·농협
I,I116,3116,작전,4,카리스호텔
I,I116,3116,작전,4,삼성전자서비스센터
I,I116,3116,작전,4,전자랜드
I,I116,3116,작전,4,엘지전자서비스센터
I,I116,3116,작전,5,KT계양지점
I,I116,3116,작전,5,작전2동치안센터
I,I116,3116,작전,5,효성초등학교
I,I116,3116,작전,5,현대4차아파트
I,I116,3116,작전,5,홈플러스·하이마트
I,I116,3116,작전,5,한마음병원
I,I116,3116,작전,5,진명스포아트
I,I116,3116,작전,6,계양신협
I,I116,3116,작전,6,경기주유소
I,I116,3116,작전,6,백설웨딩홀
I,I116,3116,작전,6,계양구민방위교육장
I,I116,3116,작전,6,효성현대3차아파트
I,I118,3118,부평구청,1,부평공고
I,I118,3118,부평구청,1,갈월초등학교
I,I118,3118,부평구청,2,근린공원
I,I118,3118,부평구청,2,여성문화회관
I,I118,3118,부평구청,2,부평구청
I,I118,3118,부평구청,2,북구도서관
I,I118,3118,부평구청,2,개흥초등학교
I,I118,3118,부평구청,2,"부평교회, 선일교회"
I,I118,3118,부평구청,2,"농협(갈산), 하나로마트"
I,I118,3118,부평구청,2,백마웨딩홀
I,I118,3118,부평구청,3,북인천등기소
I,I118,3118,부평구청,3,부평경찰서
I,I118,3118,부평구청,3,부평세림병원
I,I118,3118,부평구청,3,마장초등학교
I,I118,3118,부평구청,3,신한은행
I,I118,3118,부평구청,3,대우자동차남문
I,I118,3118,부평구청,3,"미도아파트,쌍용아파트"
I,I118,3118,부평구청,3,"금호,미가로아파트"
I,I118,3118,부평구청,3,부평1동성당
I,I118,3118,부평구청,3,동광제일교회
I,I118,3118,부평구청,3,재활용센터
I,I118,3118,부평구청,3,예일몬테소리 어린이집
I,I118,3118,부평구청,4,대우자동차정문
I,I119,3119,부평시장,1,부평우체국
I,I119,3119,부평시장,1,부평동초등학교
I,I119,3119,부평시장,1,부평중학교
I,I119,3119,부평시장,1,부평고등학교
I,I119,3119,부평시장,1,북인천정보산업고
I,I119,3119,부평시장,1,"동원증권,교보증권"
I,I119,3119,부평시장,1,부평구보건소
I,I119,3119,부평시장,1,북인천케이블TV
I,I119,3119,부평시장,1,인천상공회의소
I,I119,3119,부평시장,2,한국씨티은행
I,I119,3119,부평시장,2,자산관리공사
I,I119,3119,부평시장,2,부평시장
I,I119,3119,부평시장,2,제일은행
I,I119,3119,부평시장,2,현대증권
I,I119,3119,부평시장,2,부평제일성결교회
I,I119,3119,부평시장,3,"북부교육청, 국민연금공단"
I,I119,3119,부평시장,3,부평서초등학교
I,I119,3119,부평시장,3,"하나은행,국민은행"
I,I119,3119,부평시장,3,"하나투자신탁, 삼성증권, 대한생명, 우리은행"
I,I119,3119,부평시장,3,"기독교부광교회, 웰빙타운"
I,I119,3119,부평시장,4,삼성생명
I,I119,3119,부평시장,4,부평여고
I,I119,3119,부평시장,4,부평중앙병원
I,I121,3121,동수,1,동수사거리
I,I121,3121,동수,1,부평6동
I,I121,3121,동수,1,성모자애병원
I,I121,3121,동수,1,경찰종합학교
I,I121,3121,동수,1,예림학교
I,I121,3121,동수,2,"성동학교, 예림학교"
I,I121,3121,동수,2,부일여중교
I,I121,3121,동수,2,부평6동사무소
I,I121,3121,동수,2,성모자애병원
I,I121,3121,동수,2,경찰종합학교
I,I121,3121,동수,3,부평2동사무소
I,I121,3121,동수,3,부평2동파출소
I,I121,3121,동수,4,부평남초등학교
I,I121,3121,동수,4,"부평 북부역광장, 롯데마트"
I,I122,3122,부평삼거리,1,서울성준의원
I,I122,3122,부평삼거리,1,후생의원
I,I122,3122,부평삼거리,2,장묘관리사업소
I,I122,3122,부평삼거리,2,보훈회관
I,I122,3122,부평삼거리,2,약사사
I,I122,3122,부평삼거리,2,인천가족공원
I,I122,3122,부평삼거리,2,팬더아파트
I,I122,3122,부평삼거리,3,십정2동사무소
I,I122,3122,부평삼거리,3,동암초등학교
I,I122,3122,부평삼거리,3,동암파출소
I,I122,3122,부평삼거리,3,옹진수협
I,I122,3122,부평삼거리,4,제일고등학교
I,I122,3122,부평삼거리,4,혜광학교
I,I122,3122,부평삼거리,4,부평3동천주교회
I,I122,3122,부평삼거리,4,대주아파트
I,I122,3122,부평삼거리,4,인천관광호텔
I,I122,3122,부평삼거리,4,백운역
I,I123,3123,간석오거리,1,간석여자중학교
I,I123,3123,간석오거리,1,신명여자고등학교
I,I123,3123,간석오거리,1,인천지하철공사
I,I123,3123,간석오거리,1,간석여자중학교
I,I123,3123,간석오거리,1,신명여자고등학교
I,I123,3123,간석오거리,1,인천지하철공사
I,I123,3123,간석오거리,1,인천교통정보센터
I,I123,3123,간석오거리,2,간석동우체국
I,I123,3123,간석오거리,2,목화예식장
I,I123,3123,간석오거리,3,대한교원공제회관
I,I123,3123,간석오거리,3,간석동우체국
I,I123,3123,간석오거리,3,대한교원공제회관
I,I123,3123,간석오거리,3,로얄호텔
I,I123,3123,간석오거리,3,상인천중학교
I,I123,3123,간석오거리,3,인제고등학교
I,I123,3123,간석오거리,4,농협
I,I123,3123,간석오거리,4,올리브백화점
I,I123,3123,간석오거리,4,나사렛한방병원
I,I123,3123,간석오거리,5,로버트호텔
I,I123,3123,간석오거리,6,간석소방파출소
I,I123,3123,간석오거리,6,간석소방파출소
I,I123,3123,간석오거리,7,새희망병원
I,I123,3123,간석오거리,7,아로마 웨딩프라자
I,I123,3123,간석오거리,8,"새마을금고, 새마을금고연합회"
I,I123,3123,간석오거리,9,동암중학교
I,I123,3123,간석오거리,9,동암중학교
I,I124,3124,인천시청,1,"간석1동사무소, 간석1동파출소"
I,I124,3124,인천시청,1,인천예술고등학교
I,I124,3124,인천시청,1,"신태양아파트, 금호어울림아파트"
I,I124,3124,인천시청,1,주원고개
I,I124,3124,인천시청,2,덕산아파트
I,I124,3124,인천시청,3,서해그랑블아파트
I,I124,3124,인천시청,3,백조예식장
I,I124,3124,인천시청,4,인천광역시청
I,I124,3124,인천시청,4,인천광역시의회
I,I124,3124,인천시청,4,구월중학교
I,I124,3124,인천시청,4,석천초등학교
I,I124,3124,인천시청,4,방송통신대학교
I,I124,3124,인천시청,4,중앙도서관
I,I124,3124,인천시청,4,가천길병원
I,I124,3124,인천시청,5,인천광역시교육청
I,I124,3124,인천시청,5,중앙도서관
I,I124,3124,인천시청,5,방송통신대학교
I,I124,3124,인천시청,5,가천길병원
I,I124,3124,인천시청,5,근로자복지공단
I,I124,3124,인천시청,5,"CGV, 홈에버"
I,I124,3124,인천시청,6,상인천여자중학교
I,I124,3124,인천시청,6,동인천중학교
I,I124,3124,인천시청,6,인천지방노동청
I,I124,3124,인천시청,6,중앙공원
I,I124,3124,인천시청,7,한국방송통신대학교
I,I124,3124,인천시청,7,극동아파트
I,I124,3124,인천시청,7,중앙공원
I,I124,3124,인천시청,8,중앙공원
I,I124,3124,인천시청,8,"금호맨션, 현대홈타운"
I,I124,3124,인천시청,9,남인천우체국
I,I124,3124,인천시청,9,KT인천지사
I,I124,3124,인천시청,9,중앙공원
I,I124,3124,인천시청,9,"한진아파트, 간석마을풍림아파트, 성락아파트"
I,I125,3125,예술회관,1,CGV
I,I125,3125,예술회관,1,홈에버
I,I125,3125,예술회관,1,YMCA
I,I125,3125,예술회관,1,"씨앤씨, 웰리스"
I,I125,3125,예술회관,1,방송통신대
I,I125,3125,예술회관,10,경인지방노동청
I,I125,3125,예술회관,10,경인환경출장소
I,I125,3125,예술회관,10,남동구 노인복지회관
I,I125,3125,예술회관,10,"경인종합고용안정센터, 건설회관"
I,I125,3125,예술회관,10,구월3동사무소
I,I125,3125,예술회관,10,대한지적인천공사
I,I125,3125,예술회관,10,중앙공원
I,I125,3125,예술회관,11,중앙공원
I,I125,3125,예술회관,2,한국씨티은행
I,I125,3125,예술회관,2,근로복지공단
I,I125,3125,예술회관,2,구월농협중앙지점
I,I125,3125,예술회관,2,LG텔레콤
I,I125,3125,예술회관,2,국민건강보험공단
I,I125,3125,예술회관,2,중소기업진흥공단
I,I125,3125,예술회관,2,한국주택금융공사
I,I125,3125,예술회관,2,현대해상
I,I125,3125,예술회관,3,구월여자중학교
I,I125,3125,예술회관,3,길병원사거리
I,I125,3125,예술회관,4,"흥국생명, 인천영어사"
I,I125,3125,예술회관,5,국민은행
I,I125,3125,예술회관,5,기술신용보증기금
I,I125,3125,예술회관,5,롯데백화점
I,I125,3125,예술회관,5,인천지방경찰청
I,I125,3125,예술회관,5,한국전기안전공사
I,I125,3125,예술회관,5,국민연금관리공단
I,I125,3125,예술회관,5,SK텔레콤
I,I125,3125,예술회관,6,종합문화예술회관
I,I125,3125,예술회관,7,종합문화예술회관
I,I125,3125,예술회관,7,제일은행
I,I125,3125,예술회관,8,올림픽공원
I,I125,3125,예술회관,9,구월동우체국
I,I125,3125,예술회관,9,구월3동파출소
I,I125,3125,예술회관,9,올림픽공원
I,I126,3126,인천터미널,1,중앙공원
I,I126,3126,인천터미널,2,신세계백화점
I,I126,3126,인천터미널,2,"국민은행, 우리은행, 신한은행"
I,I126,3126,인천터미널,2,남인천세무서
I,I126,3126,인천터미널,2,국민연금인천회관
I,I126,3126,인천터미널,2,뉴코아아울렛
I,I126,3126,인천터미널,2,"신영증권, 부국증권"
I,I126,3126,인천터미널,2,교보문고
I,I126,3126,인천터미널,2,보훈청
I,I126,3126,인천터미널,2,"기업은행, 외환은행"
I,I126,3126,인천터미널,2,한국토지공사
I,I126,3126,인천터미널,3,인천버스터미널
I,I126,3126,인천터미널,3,농수산물도매시장
I,I126,3126,인천터미널,5,어린이교통공원
I,I126,3126,인천터미널,5,승학초등학교
I,I126,3126,인천터미널,5,인명여자고등학교
I,I126,3126,인천터미널,5,"삼환A, 성지A"
I,I126,3126,인천터미널,6,관교중학교
I,I126,3126,인천터미널,6,관교초등학교
I,I126,3126,인천터미널,6,남인천여자중학교
I,I126,3126,인천터미널,6,관교동사무소
I,I126,3126,인천터미널,6,관교소방파출소
I,I126,3126,인천터미널,6,한국씨티은행
I,I126,3126,인천터미널,6,순복음인천교회
I,I126,3126,인천터미널,6,"쌍용A, 동아A"
I,I127,3127,문학경기장,1,선학동
I,I127,3127,문학경기장,2,문학경기장
I,I127,3127,문학경기장,2,문학경기장
I,I127,3127,문학경기장,2,어린이박물관
I,I127,3127,문학경기장,2,청소년 성문화센터
I,I127,3127,문학경기장,2,문학정보고등학교
I,I127,3127,문학경기장,2,"향교, 도호부청사"
I,I128,3128,선학,1,금호아파트
I,I128,3128,선학,2,선학초등학교
I,I126,3126,인천터미널,2,남동경찰서
I,I128,3128,선학,2,선학동사무소
I,I128,3128,선학,2,선학치안센터
I,I128,3128,선학,2,남인천농협
I,I128,3128,선학,2,선학중학교
I,I128,3128,선학,2,"금호아파트,뉴서울아파트"
I,I128,3128,선학,2,"아주아파트,대동아파트"
I,I128,3128,선학,2,"대진아파트,정광아파트"
I,I128,3128,선학,3,연수병원
I,I128,3128,선학,3,"연수장로교회, 선학동천주교회"
I,I128,3128,선학,3,새마을금고
I,I128,3128,선학,3,"성안교회, 선학5단지"
I,I128,3128,선학,4,국립농산물검사지소
I,I128,3128,선학,4,화훼단지
I,I128,3128,선학,4,"윤성아파트, 무지개,희영아파트"
I,I128,3128,선학,4,선학주유소
I,I129,3129,신연수,1,선학중학교
I,I129,3129,신연수,1,선학중학교
I,I129,3129,신연수,1,남동국가산업단지
I,I129,3129,신연수,1,"대진A, 정광A, 태산A, 선학A"
I,I129,3129,신연수,2,산업인력관리공단
I,I129,3129,신연수,2,산업인력관리공단
I,I129,3129,신연수,2,남동국가산업단지
I,I129,3129,신연수,3,인천연일학교
I,I129,3129,신연수,3,적십자병원
I,I129,3129,신연수,3,인천연일학교
I,I129,3129,신연수,3,적십자병원
I,I129,3129,신연수,3,인천우체국
I,I129,3129,신연수,3,연수도서관
I,I129,3129,신연수,3,연수중학교
I,I129,3129,신연수,3,"연수1차풍림A,대우1차A"
I,I129,3129,신연수,4,연수3동사무소
I,I129,3129,신연수,4,연수초등학교
I,I129,3129,신연수,4,인천여고
I,I129,3129,신연수,4,가천의과학대학교
I,I129,3129,신연수,4,인천중학교
I,I129,3129,신연수,4,"대림A,경남A,주공1,2차A"
I,I129,3129,신연수,4,연수3동사무소
I,I129,3129,신연수,4,연수초등학교
I,I129,3129,신연수,4,인천여고
I,I130,3130,원인재,1,국민은행
I,I130,3130,원인재,1,인천직업훈련원
I,I130,3130,원인재,1,한국산업인력관리공단
I,I130,3130,원인재,1,상공회의소
I,I130,3130,원인재,1,남동공단
I,I130,3130,원인재,2,"남동공단, 공단사무소"
I,I130,3130,원인재,3,한미은행
I,I130,3130,원인재,3,연수경찰서
I,I130,3130,원인재,3,연수전화국
I,I130,3130,원인재,3,연화초등학교
I,I130,3130,원인재,3,연수고교
I,I130,3130,원인재,3,"우성1.2차A, 대동A"
I,I130,3130,원인재,3,대동월드
I,I130,3130,원인재,4,연수종합사회복지관
I,I130,3130,원인재,4,중앙초등학교
I,I130,3130,원인재,4,연수중학교
I,I130,3130,원인재,4,"연수1/2차A, 대우1차A"
I,I130,3130,원인재,4,"영남A, 세경A, 태산A"
I,I130,3130,원인재,4,영남스포렉스
I,I131,3131,동춘,1,E마트
I,I131,3131,동춘,1,중소기업제품종합전시장
I,I131,3131,동춘,1,남동국가산업단지
I,I131,3131,동춘,2,남동국가산업단지
I,I131,3131,동춘,2,고잔동
I,I131,3131,동춘,2,E-MART
I,I131,3131,동춘,3,남동국가산업단지
I,I131,3131,동춘,3,고잔동
I,I131,3131,동춘,3,E-MART
I,I131,3131,동춘,4,동막초등학교
I,I131,3131,동춘,4,인천여자중학교
I,I131,3131,동춘,4,동춘3동사무소
I,I131,3131,동춘,4,동춘소방파출소
I,I131,3131,동춘,4,청량중학교
I,I131,3131,동춘,4,청량초등학교
I,I131,3131,동춘,4,국민은행
I,I131,3131,동춘,4,"삼성A, 럭키A, 대림2차A"
I,I131,3131,동춘,4,"현대1/2차A 동춘마을A, 한양2차A"
I,I131,3131,동춘,4,한국씨티은행
I,I131,3131,동춘,4,송도유원지
I,I131,3131,동춘,4,연수메디칼의원
I,I131,3131,동춘,5,외환은행
I,I131,3131,동춘,5,"대우,삼환A"
I,I131,3131,동춘,6,연수구청
I,I131,3131,동춘,6,연성초등학교
I,I131,3131,동춘,6,연수경찰서
I,I131,3131,동춘,6,연성중학교
I,I131,3131,동춘,6,우리은행
I,I131,3131,동춘,6,동춘3동사무소
I,I131,3131,동춘,6,"한양1차A, 금호A, 동아A"
I,I131,3131,동춘,6,"풍림3차A 롯데A, 우성1차A"
I,I132,3132,동막,1,남동공단
I,I132,3132,동막,3,인천시립롤러경기장
I,I132,3132,동막,3,대건고등학교
I,I132,3132,동막,3,승기수질환경사업소
I,I132,3132,동막,3,연수구민방위교육장
I,I132,3132,동막,3,"송도신도시, 인천시평생학습관"
I,I132,3132,동막,4,동춘2동사무소
I,I132,3132,동막,4,인천여자공업고등학교
I,I132,3132,동막,4,서면초등학교
I,I132,3132,동막,4,동춘초등학교
I,I132,3132,동막,4,"무지개마을,풍림2차"
I,I133,3133,캠퍼스타운,1,새아침공원
I,I133,3133,캠퍼스타운,2,연세대학교(건설중)
I,I133,3133,캠퍼스타운,2,포스코글로벌R앤D센터
I,I133,3133,캠퍼스타운,3,해돋이공원
I,I133,3133,캠퍼스타운,3,현대아이파크
I,I133,3133,캠퍼스타운,3,신송중학교
I,I133,3133,캠퍼스타운,4,성지리벨루스
I,I133,3133,캠퍼스타운,4,한진해모로
I,I133,3133,캠퍼스타운,4,금호베스트빌
I,I133,3133,캠퍼스타운,4,"신송초,신송고"
I,I133,3133,캠퍼스타운,4,먼우금초교
I,I133,3133,캠퍼스타운,4,풍림아이원2단지
I,I133,3133,캠퍼스타운,4,풍림아이원4단지
I,I133,3133,캠퍼스타운,4,해양경찰청
I,I134,3134,테크노파크,1,인하대산업협력관
I,I134,3134,테크노파크,1,해돋이공원
I,I134,3134,테크노파크,1,현대아이파크
I,I134,3134,테크노파크,3,"미추홀공원, 갯벌문화원, 다례원"
I,I134,3134,테크노파크,3,"해송초교, 해송중교"
I,I134,3134,테크노파크,3,인천가톨릭대학교
I,I134,3134,테크노파크,3,웰카운티
I,I134,3134,테크노파크,3,미추홀타워((재)테크노파크)
I,I134,3134,테크노파크,3,"경제자유구역청, 도시축전조직위원회"
I,I134,3134,테크노파크,4,갯벌타워
I,I135,3135,지식정보단지,2,지식정보산업단지
I,I135,3135,지식정보단지,3,"송도웰카운티 3단지, 4단지"
I,I135,3135,지식정보단지,3,"다연프라자, 에몬스프라자"
I,I135,3135,지식정보단지,3,송도성령교회
I,I135,3135,지식정보단지,4,"송도웰카운티 1단지, 2단지"
I,I135,3135,지식정보단지,4,"인천해송초등학교,병설유치원"
I,I135,3135,지식정보단지,4,해송중학교
I,I135,3135,지식정보단지,4,신한은행
I,I136,3136,인천대입구,1,인천대방면
I,I136,3136,인천대입구,2,"트모로우시티, 중앙공원"
I,I136,3136,인천대입구,3,동북아 트레이드타워
I,I137,3137,센트럴파크,1,(주)포스코(포스코건설 인천지사)
I,I137,3137,센트럴파크,2,국제업무지구
I,I137,3137,센트럴파크,2,인천세계도시축전 주행사장
I,I137,3137,센트럴파크,3,인천도시계획관
I,I137,3137,센트럴파크,3,중앙공원
I,I137,3137,센트럴파크,3,"센트럴파크빌 1, 2, 3"
I,I138,3138,국제업무지구,2,센트로드(2011.10 완공예정)
I,I138,3138,국제업무지구,5,인천대교(2009.10 개통예정)
I,I138,3138,국제업무지구,5,송도 인천타워(2013년 완공예정)
A,A07,4209,검암,1,코레일공항철도 본사
A,A07,4209,검암,1,검암초등학교
A,A07,4209,검암,1,인천광역시서부교육청
A,A07,4209,검암,1,검암중학교
A,A071,4210,청라국제도시,1,청라국제도시
A,A071,4210,청라국제도시,1,서부산업도시
A,A071,4210,청라국제도시,2,주차장
A,A08,4211,운서,1,공항지구대
A,A08,4211,운서,1,공항초등학교
A,A09,4212,공항화물청사,1,공항화물터미널
A,A09,4212,공항화물청사,1,주차장
A,A09,4212,공항화물청사,2,공항화물터미널
A,A09,4212,공항화물청사,2,버스정류장
A,A10,4213,인천국제공항,1,여객터미널
A,A10,4213,인천국제공항,2,주차장
A,A10,4213,인천국제공항,3,여객터미널
I,I116,3116,작전,7,북인천전산직업학교
I,I116,3116,작전,7,효성1동주민센터
I,I116,3116,작전,7,효성동초등학교
I,I116,3116,작전,7,효성중학교
I,I116,3116,작전,7,"효성현대1,2차아파트"
I,I116,3116,작전,7,"뉴서울1,2차아파트"
I,I116,3116,작전,7,효성지구대
I,I116,3116,작전,8,새마을금고
I,I116,3116,작전,8,계산예술극장
I,I116,3116,작전,8,미림아파트
I,I116,3116,작전,8,SK주유소
I,I117,3117,갈산,1,갈산1동사무소
I,I117,3117,갈산,1,부평정수사업소
I,I117,3117,갈산,1,북부소방서
I,I117,3117,갈산,1,북부소방서
I,I117,3117,갈산,1,갈산1동사무소
I,I117,3117,갈산,1,부평정수사업소
I,I117,3117,갈산,1,부평소방서
I,I117,3117,갈산,1,E-마트
I,I117,3117,갈산,2,인천세관부평출장소
I,I117,3117,갈산,2,공단지구대
I,I117,3117,갈산,2,선거관리사무소
I,I117,3117,갈산,2,부평관광호텔·부평결혼회관
I,I117,3117,갈산,3,대우자동차
I,I117,3117,갈산,3,대우자동차
I,I117,3117,갈산,4,"삼익악기, 천일식품, 대우자판(주)"
I,I117,3117,갈산,4,"동서식품, 로얄동도금속, 신도실업"
I,I117,3117,갈산,4,"아남반도체, 한국요꼬가와전기"
I,I117,3117,갈산,4,"헵시바산업, 이낙반도체"
I,I117,3117,갈산,4,"조선일보, 우림라이온스밸리"
I,I118,3118,부평구청,1,부평세관
I,I118,3118,부평구청,1,갈산중학교
I,I118,3118,부평구청,1,어린이공원
I,I118,3118,부평구청,1,갈산초등학교
